FID,LOCAL_CODE,LOCAL_NAME,URBAN,LocalLabel,AGG_CODE,AGG_NAME,HSA_CODE,HSA_NAME,SZONE_CODE,SZONE_NAME,ZONE_CODE,ZONE_NAME,Shape_Leng,Pop2016,Pop2011,Pop2006,Name_Code,SLGA_Pdf,SHAPE_Length,SHAPE_Area
1,Z2.4.A.01,CALGARY - WEST,METRO,Calgary - West,Z2.4.A,CALGARY - WEST,HSA2.4.A,CALGARY - WEST,Z2.4,CALGARY - SW,Z2,CALGARY,41316.2212127,88539,77944,64505,CALGARY - WEST - (Z2.4.A.01),https://ahs.maps.arcgis.com/sharing/rest/content/items/fe377cc41e6f4328a2d16e22017fbda2/data,0.497406774260477,48941780.1759
2,Z2.3.A.01,CALGARY - EAST,METRO,Calgary - East,Z2.3.A,CALGARY - EAST,HSA2.3.A,CALGARY - EAST,Z2.3,CALGARY - SE,Z2,CALGARY,43102.1383614,68045,64819,64852,CALGARY - EAST - (Z2.3.A.01),https://ahs.maps.arcgis.com/sharing/rest/content/items/11c52bb249b6478185a2cd43a57f9a79/data,0.51661658242772,75123001.3469
3,Z2.4.B.02,CALGARY - CENTRE,METRO,Calgary - Centre,Z2.4.B,CALGARY - CENTRE,HSA2.4.B,CALGARY - CENTRE,Z2.4,CALGARY - SW,Z2,CALGARY,31279.6485271,53586,48377,46472,CALGARY - CENTRE - (Z2.4.B.02),https://ahs.maps.arcgis.com/sharing/rest/content/items/2971685cdbad420cb396d51e5fcd5ea8/data,0.371862506744805,23255709.4685
4,Z2.4.C.03,CALGARY - CENTRE WEST,METRO,Calgary - Centre West,Z2.4.C,CALGARY - CENTRE WEST,HSA2.4.C,CALGARY - CENTRE WEST,Z2.4,CALGARY - SW,Z2,CALGARY,21491.8415051,63302,58425,55598,CALGARY - CENTRE WEST - (Z2.4.C.03),https://ahs.maps.arcgis.com/sharing/rest/content/items/3748a08cb231424084390291f8f88460/data,0.25298101073821,20378820.607
5,Z2.4.D.04,CALGARY - ELBOW,METRO,Calgary - Elbow,Z2.4.D,CALGARY - ELBOW,HSA2.4.D,CALGARY - ELBOW,Z2.4,CALGARY - SW,Z2,CALGARY,34562.0966719,39747,38962,39788,CALGARY - ELBOW - (Z2.4.D.04),https://ahs.maps.arcgis.com/sharing/rest/content/items/692de8c9532c43a9949eb26503c20650/data,0.394053474409241,25807650.0716
6,Z2.4.E.05,CALGARY - FISH CREEK,METRO,Calgary - Fish Creek,Z2.4.E,CALGARY - FISH CREEK,HSA2.4.E,CALGARY - FISH CREEK,Z2.4,CALGARY - SW,Z2,CALGARY,57902.8735002,110327,106264,107845,CALGARY - FISH CREEK - (Z2.4.E.05),https://ahs.maps.arcgis.com/sharing/rest/content/items/5eb7a52c0ef641709701ee0c2e4b862e/data,0.662828204504485,66261534.9846
7,Z2.4.F.06,CALGARY - SW,METRO,Calgary - SW,Z2.4.F,CALGARY - SW,HSA2.4.F,CALGARY - SW,Z2.4,CALGARY - SW,Z2,CALGARY,54746.8811792,103904,92051,71780,CALGARY - SW - (Z2.4.F.06),https://ahs.maps.arcgis.com/sharing/rest/content/items/066ce580667f498985847b2a898e15be/data,0.672188543801782,78256982.4148
8,Z2.3.B.02,CALGARY - SE,METRO,Calgary - SE,Z2.3.B,CALGARY - SE,HSA2.3.B,CALGARY - SE,Z2.3,CALGARY - SE,Z2,CALGARY,59176.8620718,117654,83236,58603,CALGARY - SE - (Z2.3.B.02),https://ahs.maps.arcgis.com/sharing/rest/content/items/e8f06364a487475998b3375c3fbba4f3/data,0.685614881266509,135771193.792
9,Z2.2.A.01,CALGARY - UPPER NE,METRO,Calgary - Upper NE,Z2.2.A,CALGARY - UPPER NE,HSA2.2.A,CALGARY - UPPER NE,Z2.2,CALGARY - NE,Z2,CALGARY,41702.640289,92397,69835,53713,CALGARY - UPPER NE - (Z2.2.A.01),https://ahs.maps.arcgis.com/sharing/rest/content/items/1b6fe976e4c14b278abc30343363b90c/data,0.466723548588547,91280690.3314
10,Z2.1.C.03,CALGARY - NOSEHILL,METRO,Calgary - Nose Hill,Z2.1.C,CALGARY - NOSEHILL,HSA2.1.C,CALGARY - NOSEHILL,Z2.1,CALGARY - NW,Z2,CALGARY,27987.5290561,74111,69335,70769,CALGARY - NOSEHILL - (Z2.1.C.03),https://ahs.maps.arcgis.com/sharing/rest/content/items/f88fd53f4ccc4750a6a978b06695bffa/data,0.331993065291807,43721874.9557
11,Z2.2.B.02,CALGARY - LOWER NE,METRO,Calgary - Lower NE,Z2.2.B,CALGARY - LOWER NE,HSA2.2.B,CALGARY - LOWER NE,Z2.2,CALGARY - NE,Z2,CALGARY,26664.6549478,86443,84358,83249,CALGARY - LOWER NE - (Z2.2.B.02),https://ahs.maps.arcgis.com/sharing/rest/content/items/ab1dd605efe043fb952ac7a4aa34eb5d/data,0.321037086351143,28744884.1057
12,Z2.1.A.01,CALGARY - UPPER NW,METRO,Calgary - Upper NW,Z2.1.A,CALGARY - UPPER NW,HSA2.1.A,CALGARY - UPPER NW,Z2.1,CALGARY - NW,Z2,CALGARY,39140.5581266,114269,99249,90093,CALGARY - UPPER NW - (Z2.1.A.01),https://ahs.maps.arcgis.com/sharing/rest/content/items/4f9e3f1191b84cc18bbe01a48498bb98/data,0.469151823015694,66790818.8595
13,Z2.1.B.02,CALGARY - NORTH,METRO,Calgary - North,Z2.1.B,CALGARY - NORTH,HSA2.1.B,CALGARY - NORTH,Z2.1,CALGARY - NW,Z2,CALGARY,43052.2318578,105409,89903,71686,CALGARY - NORTH - (Z2.1.B.02),https://ahs.maps.arcgis.com/sharing/rest/content/items/462683f7eb854de8adb233afaf90ba3a/data,0.527665198765743,76811291.1666
14,Z2.1.F.06,CALGARY - CENTRE NORTH,METRO,Calgary - Centre North,Z2.1.F,CALGARY - CENTRE NORTH,HSA2.1.EF,CALGARY - CENTRE NORTH/WEST BOW,Z2.1,CALGARY - NW,Z2,CALGARY,23300.6317602,40982,37233,37077,CALGARY - CENTRE NORTH - (Z2.1.F.06),https://ahs.maps.arcgis.com/sharing/rest/content/items/02ca6304d2544ccf9c1a8b9e14bd1bde/data,0.300967213710882,15772621.4264
15,Z2.1.E.05,CALGARY - WEST BOW,METRO,Calgary - West Bow,Z2.1.E,CALGARY - WEST BOW,HSA2.1.EF,CALGARY - CENTRE NORTH/WEST BOW,Z2.1,CALGARY - NW,Z2,CALGARY,22598.7565823,20056,19237,19254,CALGARY - WEST BOW - (Z2.1.E.05),https://ahs.maps.arcgis.com/sharing/rest/content/items/8f44768fd3be4957978303d24c5ea090/data,0.276628021560907,11185082.5992
16,Z2.7.A.01,COCHRANE-SPRINGBANK,MODERATE METRO INFLUENCE,Cochrane-Springbank,Z2.7.A,COCHRANE-SPRINGBANK,HSA2.7.A,CALGARY RURAL - COCHRANE/SPRINGBANK,Z2.7,BOW CORRIDOR,Z2,CALGARY,138748.312909,43334,33580,28491,COCHRANE-SPRINGBANK - (Z2.7.A.01),https://ahs.maps.arcgis.com/sharing/rest/content/items/48099d7be24d46a39d5701764fdc8c16/data,1.60264104740983,477009662.458
17,Z2.5.A.01,OKOTOKS-PRIDDIS,MODERATE METRO INFLUENCE,Okotoks-Priddis,Z2.5.A,OKOTOKS-PRIDDIS,HSA2.5.A,CALGARY RURAL - OKOTOKS/PRIDDIS,Z2.5,FOOTHILLS-VULCAN CORRIDOR,Z2,CALGARY,199403.500022,41769,36094,27468,OKOTOKS-PRIDDIS - (Z2.5.A.01),https://ahs.maps.arcgis.com/sharing/rest/content/items/da2e2213b81d489288327d0b2ca228b9/data,2.43200475755659,765397605.362
18,Z2.6.A.01,AIRDRIE,MODERATE METRO INFLUENCE,Airdrie,Z2.6.A,AIRDRIE,HSA2.6.AB,CALGARY RURAL - AIRDRIE/CHESTERMERE,Z2.6,HIGHLAND/ROCKVIEW/WHEATLAND CORRIDOR,Z2,CALGARY,74400.420937,63137,44824,31154,AIRDRIE - (Z2.6.A.01),https://ahs.maps.arcgis.com/sharing/rest/content/items/8b0f2b7bdfb246a2942e78d51ba10a92/data,0.866498994232355,181289083.509
19,Z2.6.B.02,CHESTERMERE,MODERATE METRO INFLUENCE,Chestermere,Z2.6.B,CHESTERMERE,HSA2.6.AB,CALGARY RURAL - AIRDRIE/CHESTERMERE,Z2.6,HIGHLAND/ROCKVIEW/WHEATLAND CORRIDOR,Z2,CALGARY,117409.078042,24097,18474,12586,CHESTERMERE - (Z2.6.B.02),https://ahs.maps.arcgis.com/sharing/rest/content/items/0692eaad54d244e0b6d82d6dfdcc7e84/data,1.29960225651341,302604997.878
20,Z2.6.C.04,CROSSFIELD,MODERATE METRO INFLUENCE,Crossfield,Z2.6.C,CALGARY RURAL - NORTH,HSA2.6.C,CALGARY RURAL - NORTH,Z2.6,HIGHLAND/ROCKVIEW/WHEATLAND CORRIDOR,Z2,CALGARY,205526.891653,8391,7964,7657,CROSSFIELD - (Z2.6.C.04),https://ahs.maps.arcgis.com/sharing/rest/content/items/80ad2771e5c44c00a163420a797dc502/data,2.48252247882359,1381992120.56
21,Z2.1.D.04,CALGARY - LOWER NW,METRO,Calgary - Lower NW,Z2.1.D,CALGARY - LOWER NW,HSA2.1.D,CALGARY - LOWER NW,Z2.1,CALGARY - NW,Z2,CALGARY,50646.8199982,60434,57605,53436,CALGARY - LOWER NW - (Z2.1.D.04),https://ahs.maps.arcgis.com/sharing/rest/content/items/6220b4732e2a4e42910278e2581ef123/data,0.606819966756808,40099319.9382
22,Z4.7.A.03,THORSBY,MODERATE METRO INFLUENCE,Thorsby,Z4.7.A,LEDUC COUNTY,HSA4.7,LEDUC COUNTY,Z4.7,LEDUC COUNTY,Z4,EDMONTON,244522.847599,9151,8283,8570,THORSBY - (Z4.7.A.03),https://ahs.maps.arcgis.com/sharing/rest/content/items/013ef04150c64559a68e68fbae67ca36/data,3.0410846764061,1583686394.99
23,Z4.6.B.02,STRATHCONA COUNTY EXCLUDING SHERWOOD PARK,MODERATE METRO INFLUENCE,Strathcona County Excluding Sherwood Park,Z4.6.B,STRATHCONA COUNTY EXCLUDING SHERWOOD PARK,HSA4.6,SHERWOOD PARK/STRATHCONA COUNTY,Z4.6,STRATHCONA COUNTY INCLUDING SHERWOOD PARK,Z4,EDMONTON,227358.208253,17388,17962,17532,STRATHCONA COUNTY EXCLUDING SHERWOOD PARK - (Z4.6.B.02),https://ahs.maps.arcgis.com/sharing/rest/content/items/7572b962e68743909a2737b3641c0408/data,2.69715147216295,1096805645.26
24,Z4.5.B.03,FORT SASKATCHEWAN,MODERATE METRO INFLUENCE,Fort Saskatchewan,Z4.5.B,STURGEON COUNTY EAST & FORT SASKATCHEWAN,HSA4.5.B,STURGEON COUNTY EAST & FORT SASKATCHEWAN,Z4.5,STURGEON COUNTY AND FORT SASKATCHEWAN,Z4,EDMONTON,40250.4248444,24149,19051,14957,FORT SASKATCHEWAN - (Z4.5.B.03),https://ahs.maps.arcgis.com/sharing/rest/content/items/45cd7feb582846c78d4ae9e00aa94be3/data,0.485581531125834,48292246.3717
25,Z4.5.A.01,STURGEON COUNTY WEST,MODERATE METRO INFLUENCE,Sturgeon County West,Z4.5.A,STURGEON COUNTY WEST,HSA4.5.A,STURGEON COUNTY WEST,Z4.5,STURGEON COUNTY AND FORT SASKATCHEWAN,Z4,EDMONTON,232219.448796,31827,29362,26283,STURGEON COUNTY WEST - (Z4.5.A.01),https://ahs.maps.arcgis.com/sharing/rest/content/items/cc52d40b752c4dd0aa7a63d0459b97cc/data,2.85373086674595,1722316126.02
26,Z4.4.B.02,EDMONTON - TWIN BROOKS,METRO,Edmonton - Twin Brooks,Z4.4.B,EDMONTON - TWIN BROOKS,HSA4.4.B,EDMONTON - TWIN BROOKS,Z4.4,EDMONTON - SW,Z4,EDMONTON,37864.5929215,73560,69375,55022,EDMONTON - TWIN BROOKS - (Z4.4.B.02),https://ahs.maps.arcgis.com/sharing/rest/content/items/6dd66fcefaf54d7f9d12721d29fa7075/data,0.469701776429996,40414949.0025
27,Z4.9.A.01,ST. ALBERT,MODERATE METRO INFLUENCE,St. Albert,Z4.9.A,ST. ALBERT,HSA4.9,ST. ALBERT,Z4.9,ST. ALBERT,Z4,EDMONTON,37960.9164228,65589,61466,56939,ST. ALBERT - (Z4.9.A.01),https://ahs.maps.arcgis.com/sharing/rest/content/items/1279ea46e0f44e9f805512ea16e4467d/data,0.46839190312128,48811633.211
28,Z4.8.B.02,WESTVIEW EXCLUDING STONY PLAIN & SPRUCE GROVE,MODERATE METRO INFLUENCE,Westview Excluding Stony Plain & Spruce Grove,Z4.8.B,WESTVIEW EXCLUDING STONY PLAIN & SPRUCE GROVE,HSA4.8.B,WESTVIEW EXCLUDING STONY PLAIN & SPRUCE GROVE,Z4.8,WESTVIEW,Z4,EDMONTON,491584.283531,40135,37269,36221,WESTVIEW EXCLUDING STONY PLAIN & SPRUCE GROVE - (Z4.8.B.02),https://ahs.maps.arcgis.com/sharing/rest/content/items/2b7ed4c6c1e4424cb7072428555454f9/data,6.27628811169324,4716659060.37
29,Z4.2.A.01,EDMONTON - CASTLE DOWNS,METRO,Edmonton - Castle Downs,Z4.2.A,EDMONTON - CASTLE DOWNS,HSA4.2.A,EDMONTON - CASTLE DOWNS,Z4.2,EDMONTON - NE,Z4,EDMONTON,24558.2468517,67197,55049,48403,EDMONTON - CASTLE DOWNS - (Z4.2.A.01),https://ahs.maps.arcgis.com/sharing/rest/content/items/73ba0a5b7e2d417bae8f08ffa576cdac/data,0.308543721709165,33474542.1201
30,Z4.2.E.05,EDMONTON - NE,METRO,Edmonton - NE,Z4.2.E,EDMONTON - NE,HSA4.2.DE,EDMONTON - ABBOTTSFIELD/NE,Z4.2,EDMONTON - NE,Z4,EDMONTON,56263.2518151,81410,71228,60864,EDMONTON - NE - (Z4.2.E.05),https://ahs.maps.arcgis.com/sharing/rest/content/items/fca338de905b4ddd88f24d10381b0bae/data,0.661539533613382,147683494.498
31,Z4.2.C.03,EDMONTON - EASTWOOD,METRO,Edmonton - Eastwood,Z4.2.C,EDMONTON - EASTWOOD,HSA4.2.C,EDMONTON - EASTWOOD,Z4.2,EDMONTON - NE,Z4,EDMONTON,24804.3354306,61120,59906,58509,EDMONTON - EASTWOOD - (Z4.2.C.03),https://ahs.maps.arcgis.com/sharing/rest/content/items/f29e5330b57d4ee28a8f2b9aad07f55a/data,0.301085490930086,22026075.1484
32,Z4.3.A.01,EDMONTON - BONNIE DOON,METRO,Edmonton - Bonnie Doon,Z4.3.A,EDMONTON - BONNIE DOON,HSA4.3.A,EDMONTON - BONNIE DOON,Z4.3,EDMONTON - SE,Z4,EDMONTON,47881.1714822,93055,89972,88544,EDMONTON - BONNIE DOON - (Z4.3.A.01),https://ahs.maps.arcgis.com/sharing/rest/content/items/c47da3a5085e4912bc95f1bf3dd67626/data,0.606621677134479,73926997.4084
33,Z4.1.D.04,EDMONTON - WEST JASPER PLACE,METRO,Edmonton - West Jasper Place,Z4.1.D,EDMONTON - WEST JASPER PLACE,HSA4.1.D,EDMONTON - WEST JASPER PLACE,Z4.1,EDMONTON - WEST,Z4,EDMONTON,70684.0423517,93831,78937,67053,EDMONTON - WEST JASPER PLACE - (Z4.1.D.04),https://ahs.maps.arcgis.com/sharing/rest/content/items/bfeee17d6a40468d9fa962de23e00ee9/data,0.794168131978009,87962611.2553
34,Z4.4.C.03,EDMONTON - RUTHERFORD,METRO,Edmonton - Rutherford,Z4.4.C,EDMONTON - RUTHERFORD,HSA4.4.C,EDMONTON - RUTHERFORD,Z4.4,EDMONTON - SW,Z4,EDMONTON,56390.1021135,86256,38972,16466,EDMONTON - RUTHERFORD - (Z4.4.C.03),https://ahs.maps.arcgis.com/sharing/rest/content/items/8f6c0fddb99d4e19988185df73e7db18/data,0.74817731518931,95327107.0009
35,Z4.1.C.03,EDMONTON - JASPER PLACE,METRO,Edmonton - Jasper Place,Z4.1.C,EDMONTON - JASPER PLACE,HSA4.1.C,EDMONTON - JASPER PLACE,Z4.1,EDMONTON - WEST,Z4,EDMONTON,19550.017969,43333,41010,39414,EDMONTON - JASPER PLACE - (Z4.1.C.03),https://ahs.maps.arcgis.com/sharing/rest/content/items/c1557713d8704a8fb5bc87513d2ef14e/data,0.235155574224531,13817752.1098
36,Z4.3.C.03,EDMONTON - MILL WOODS SOUTH & EAST,METRO,Edmonton - Mill Woods South & East,Z4.3.C,EDMONTON - MILL WOODS SOUTH & EAST,HSA4.3.C,EDMONTON - MILL WOODS SOUTH & EAST,Z4.3,EDMONTON - SE,Z4,EDMONTON,40168.2059458,73319,60367,50699,EDMONTON - MILL WOODS SOUTH & EAST - (Z4.3.C.03),https://ahs.maps.arcgis.com/sharing/rest/content/items/50030f59f7184bb3a4b3516f1890bba4/data,0.521796197946155,33279715.1608
37,Z4.6.A.01,SHERWOOD PARK,MODERATE METRO INFLUENCE,Sherwood Park,Z4.6.A,SHERWOOD PARK,HSA4.6,SHERWOOD PARK/STRATHCONA COUNTY,Z4.6,STRATHCONA COUNTY INCLUDING SHERWOOD PARK,Z4,EDMONTON,66678.96802,80641,74528,64880,SHERWOOD PARK - (Z4.6.A.01),https://ahs.maps.arcgis.com/sharing/rest/content/items/6c14de21989d4f6fb0d860435e51e65e/data,0.842868277284858,162901690.735
38,Z4.7.A.01,BEAUMONT,MODERATE METRO INFLUENCE,Beaumont,Z4.7.A,LEDUC COUNTY,HSA4.7,LEDUC COUNTY,Z4.7,LEDUC COUNTY,Z4,EDMONTON,144261.818908,23633,19593,14612,BEAUMONT - (Z4.7.A.01),https://ahs.maps.arcgis.com/sharing/rest/content/items/ac8bb59853c54241acb9aa306321ac13/data,1.74045245179384,576259762.188
39,Z4.7.A.02,LEDUC & DEVON,MODERATE METRO INFLUENCE,Leduc & Devon,Z4.7.A,LEDUC COUNTY,HSA4.7,LEDUC COUNTY,Z4.7,LEDUC COUNTY,Z4,EDMONTON,153555.895695,39198,33537,26011,LEDUC & DEVON - (Z4.7.A.02),https://ahs.maps.arcgis.com/sharing/rest/content/items/f8f4b94cc6544b7dbb7aaa7de1d7df5d/data,1.83820786737758,600948228.036
40,Z4.2.B.02,EDMONTON - NORTHGATE,METRO,Edmonton - Northgate,Z4.2.B,EDMONTON - NORTHGATE,HSA4.2.B,EDMONTON - NORTHGATE,Z4.2,EDMONTON - NE,Z4,EDMONTON,27903.3511632,77637,71975,69008,EDMONTON - NORTHGATE - (Z4.2.B.02),https://ahs.maps.arcgis.com/sharing/rest/content/items/c9a8df99ae6b46ccb33c69c7d4fd9605/data,0.330610108243958,29847085.3864
41,Z4.1.A.01,EDMONTON - WOODCROFT EAST,METRO,Edmonton - Woodcroft East,Z4.1.A,EDMONTON - WOODCROFT EAST,HSA4.1.A,EDMONTON - WOODCROFT EAST,Z4.1,EDMONTON - WEST,Z4,EDMONTON,26397.5622979,55278,52668,52729,EDMONTON - WOODCROFT EAST - (Z4.1.A.01),https://ahs.maps.arcgis.com/sharing/rest/content/items/af5f1a984a484f68a05ca2c5a675f6d0/data,0.310511627118214,20662673.4444
42,Z4.4.A.01,EDMONTON - DUGGAN,METRO,Edmonton - Duggan,Z4.4.A,EDMONTON - DUGGAN,HSA4.4.A,EDMONTON - DUGGAN,Z4.4,EDMONTON - SW,Z4,EDMONTON,21183.1201508,38206,37464,36879,EDMONTON - DUGGAN - (Z4.4.A.01),https://ahs.maps.arcgis.com/sharing/rest/content/items/5da4c78adc74464ba8821434ed5e287a/data,0.249186806408953,14918174.9495
43,Z4.3.B.02,EDMONTON - MILL WOODS WEST,METRO,Edmonton - Mill Woods West,Z4.3.B,EDMONTON - MILL WOODS WEST,HSA4.3.B,EDMONTON - MILL WOODS WEST,Z4.3,EDMONTON - SE,Z4,EDMONTON,24647.0538496,45257,45736,45955,EDMONTON - MILL WOODS WEST - (Z4.3.B.02),https://ahs.maps.arcgis.com/sharing/rest/content/items/069b6ccb62c84b34bda0367a594142a7/data,0.304608053476234,20277798.5104
44,Z4.5.B.02,STURGEON COUNTY EAST,MODERATE METRO INFLUENCE,Sturgeon County East,Z4.5.B,STURGEON COUNTY EAST & FORT SASKATCHEWAN,HSA4.5.B,STURGEON COUNTY EAST & FORT SASKATCHEWAN,Z4.5,STURGEON COUNTY AND FORT SASKATCHEWAN,Z4,EDMONTON,100061.117827,5149,5170,4903,STURGEON COUNTY EAST - (Z4.5.B.02),https://ahs.maps.arcgis.com/sharing/rest/content/items/e4d1c9fb3c5140d6a20167b1d98ec23d/data,1.17925384127912,335814757.515
45,Z4.2.D.04,EDMONTON - ABBOTTSFIELD,METRO,Edmonton - Abbottsfield,Z4.2.D,EDMONTON - ABBOTTSFIELD,HSA4.2.DE,EDMONTON - ABBOTTSFIELD/NE,Z4.2,EDMONTON - NE,Z4,EDMONTON,11339.239314,13462,13247,13391,EDMONTON - ABBOTTSFIELD - (Z4.2.D.04),https://ahs.maps.arcgis.com/sharing/rest/content/items/b277da6676d24141ba20f76fb4ad3b39/data,0.137073612033222,7279498.17293
46,Z4.8.A.01,STONY PLAIN & SPRUCE GROVE,MODERATE METRO INFLUENCE,Stony Plain & Spruce Grove,Z4.8.A,STONY PLAIN & SPRUCE GROVE,HSA4.8.A,STONY PLAIN & SPRUCE GROVE,Z4.8,WESTVIEW,Z4,EDMONTON,44703.0375398,51255,41222,31922,STONY PLAIN & SPRUCE GROVE - (Z4.8.A.01),https://ahs.maps.arcgis.com/sharing/rest/content/items/167d1babb9484dd0a6c894d7a297e904/data,0.565696318553454,68444743.8984
47,Z4.1.B.02,EDMONTON - WOODCROFT WEST,METRO,Edmonton - Woodcroft West,Z4.1.B,EDMONTON - WOODCROFT WEST,HSA4.1.B,EDMONTON - WOODCROFT WEST,Z4.1,EDMONTON - WEST,Z4,EDMONTON,39357.8133124,29625,26295,26126,EDMONTON - WOODCROFT WEST - (Z4.1.B.02),https://ahs.maps.arcgis.com/sharing/rest/content/items/e548f4a2374a4089bc373ce438472d2d/data,0.491324242395197,59776270.1016
48,Z1.5.B.02,LETHBRIDGE - NORTH,URBAN,Lethbridge - North,Z1.5.B,LETHBRIDGE - NORTH,HSA1.5.B,LETHBRIDGE - NORTH,Z1.5,SOUTH ZONE - LETHBRIDGE,Z1,SOUTH,26074.8465604,26959,24987,22967,LETHBRIDGE - NORTH - (Z1.5.B.02),https://ahs.maps.arcgis.com/sharing/rest/content/items/a2a430dea76c498896552ea4c1adc723/data,0.307586894329296,36841160.8665
49,Z1.5.A.01,LETHBRIDGE - WEST,URBAN,Lethbridge - West,Z1.5.A,LETHBRIDGE - WEST,HSA1.5.A,LETHBRIDGE - WEST,Z1.5,SOUTH ZONE - LETHBRIDGE,Z1,SOUTH,37593.4889838,34934,28928,24363,LETHBRIDGE - WEST - (Z1.5.A.01),https://ahs.maps.arcgis.com/sharing/rest/content/items/3f03f16384534a8188a61cff22ff80fd/data,0.413658439880771,51699991.4164
50,Z1.5.C.03,LETHBRIDGE - SOUTH,URBAN,Lethbridge - South,Z1.5.C,LETHBRIDGE - SOUTH,HSA1.5.C,LETHBRIDGE - SOUTH,Z1.5,SOUTH ZONE - LETHBRIDGE,Z1,SOUTH,29381.1738371,30826,29468,27307,LETHBRIDGE - SOUTH - (Z1.5.C.03),https://ahs.maps.arcgis.com/sharing/rest/content/items/d5bdb8940d4e466ba0c2d48c2be4d995/data,0.336119425466455,36299336.3234
51,Z1.4.A.01,MEDICINE HAT,URBAN,Medicine Hat,Z1.4.A,MEDICINE HAT,HSA1.4,SOUTH ZONE - MEDICINE HAT,Z1.4,SOUTH ZONE - MEDICINE HAT,Z1,SOUTH,62463.3914611,63260,60005,56799,MEDICINE HAT - (Z1.4.A.01),https://ahs.maps.arcgis.com/sharing/rest/content/items/e5480a6670be4f568426875960bb92b0/data,0.7270882664851,119842714.071
52,Z3.7.A.01,RED DEER - NORTH,URBAN,Red Deer - North,Z3.7.A,RED DEER - NORTH,HSA3.7.A,RED DEER - NORTH,Z3.7,CITY OF RED DEER,Z3,CENTRAL,44951.2907938,33911,31465,28837,RED DEER - NORTH - (Z3.7.A.01),https://ahs.maps.arcgis.com/sharing/rest/content/items/5d0fffb8e25d4e399117c5117a2109a5/data,0.528152429154497,49961827.3198
53,Z3.7.B.02,RED DEER - SW,URBAN,Red Deer - SW,Z3.7.B,RED DEER - SW,HSA3.7.BC,RED DEER - EAST/SW,Z3.7,CITY OF RED DEER,Z3,CENTRAL,31343.1231638,13407,12761,13787,RED DEER - SW - (Z3.7.B.02),https://ahs.maps.arcgis.com/sharing/rest/content/items/db3cb5132d82456a8e974024f4d5e7e8/data,0.361583250874545,11847948.0411
54,Z5.7.A.01,CITY OF GRANDE PRAIRIE,URBAN,City Of Grande Prairie,Z5.7.A,CITY OF GRANDE PRAIRIE,HSA5.7,CITY OF GRANDE PRAIRIE,Z5.7,CITY OF GRANDE PRAIRIE,Z5,NORTH,68500.7168021,63166,55842,48068,CITY OF GRANDE PRAIRIE - (Z5.7.A.01),https://ahs.maps.arcgis.com/sharing/rest/content/items/664d18e7e6b24f5686415e654011b317/data,0.856373433684117,135500901.6
55,Z1.3.B.03,CYPRESS COUNTY,MODERATE URBAN INFLUENCE,Cypress County,Z1.3.B,BIG COUNTRY,HSA1.3,SOUTH ZONE - EAST,Z1.3,SOUTH ZONE - EAST,Z1,SOUTH,795319.636011,13262,12802,11825,CYPRESS COUNTY - (Z1.3.B.03),https://ahs.maps.arcgis.com/sharing/rest/content/items/7da5a3b39eb746308ec3e06f5284c467/data,8.69182316073163,13515044712.9
56,Z1.2.C.04,COUNTY OF FORTY MILE,RURAL,County Of Forty Mile,Z1.2.C,COUNTIES OF FORTY MILE & WARNER,HSA1.2,SOUTH ZONE - CENTRAL,Z1.2,SOUTH ZONE - CENTRAL,Z1,SOUTH,446522.418211,6105,5887,5728,COUNTY OF FORTY MILE - (Z1.2.C.04),https://ahs.maps.arcgis.com/sharing/rest/content/items/a82c8a4696b142babb881beef12008ae/data,4.95379695215942,7418699674.24
57,Z1.2.C.03,COUNTY OF WARNER,RURAL,County Of Warner,Z1.2.C,COUNTIES OF FORTY MILE & WARNER,HSA1.2,SOUTH ZONE - CENTRAL,Z1.2,SOUTH ZONE - CENTRAL,Z1,SOUTH,355795.05882,9978,10093,9228,COUNTY OF WARNER - (Z1.2.C.03),https://ahs.maps.arcgis.com/sharing/rest/content/items/ff693bdb3c7c4f7c8ed27541d28551fc/data,4.19011687458005,4618971963.58
58,Z1.2.A.01,COUNTY OF LETHBRIDGE,MODERATE URBAN INFLUENCE,County Of Lethbridge,Z1.2.A,COUNTY OF LETHBRIDGE,HSA1.2,SOUTH ZONE - CENTRAL,Z1.2,SOUTH ZONE - CENTRAL,Z1,SOUTH,344203.551759,24675,22616,20506,COUNTY OF LETHBRIDGE - (Z1.2.A.01),https://ahs.maps.arcgis.com/sharing/rest/content/items/65b291d64bf84de8a274082f810b8ee1/data,3.98767980854725,2919263236.48
59,Z1.2.B.02,TABER MD,RURAL,Taber MD,Z1.2.B,TABER MD,HSA1.2,SOUTH ZONE - CENTRAL,Z1.2,SOUTH ZONE - CENTRAL,Z1,SOUTH,331203.432185,17695,17014,15553,TABER MD - (Z1.2.B.02),https://ahs.maps.arcgis.com/sharing/rest/content/items/a2a255fe01ae46aeb10f5cd03775a41e/data,3.76916838352069,4291246174.33
60,Z1.3.A.01,NEWELL,RURAL CENTRE AREA,Newell,Z1.3.A,NEWELL COUNTY & AREA,HSA1.3,SOUTH ZONE - EAST,Z1.3,SOUTH ZONE - EAST,Z1,SOUTH,467069.832699,25022,23784,22813,NEWELL - (Z1.3.A.01),https://ahs.maps.arcgis.com/sharing/rest/content/items/bf98705393074190ac7ec1fb94ceeb19/data,5.34834580802463,8766054702.07
61,Z1.1.B.04,CARDSTON-KAINAI,RURAL,Cardston-Kainai,Z1.1.B,CARDSTON-KAINAI,HSA1.1,SOUTH ZONE - WEST,Z1.1,SOUTH ZONE - WEST,Z1,SOUTH,488934.954251,15593,15204,14328,CARDSTON-KAINAI - (Z1.1.B.04),https://ahs.maps.arcgis.com/sharing/rest/content/items/eeae4cff6cbc4d33bd1d3418736c28ed/data,5.79420800114641,5444552951.97
62,Z1.1.A.02,PINCHER CREEK,RURAL,Pincher Creek,Z1.1.A,OLDMAN WEST,HSA1.1,SOUTH ZONE - WEST,Z1.1,SOUTH ZONE - WEST,Z1,SOUTH,366340.479574,8360,8296,8453,PINCHER CREEK - (Z1.1.A.02),https://ahs.maps.arcgis.com/sharing/rest/content/items/d220f7104a524055a492bd0fbaaf44eb/data,4.13657581749996,3938472373.49
63,Z1.3.B.02,OYEN,RURAL,Oyen,Z1.3.B,BIG COUNTRY,HSA1.3,SOUTH ZONE - EAST,Z1.3,SOUTH ZONE - EAST,Z1,SOUTH,432911.908896,3271,3434,3652,OYEN - (Z1.3.B.02),https://ahs.maps.arcgis.com/sharing/rest/content/items/8d7f6bd41648498f971499f80529d326/data,4.93815865831525,9956821643.13
64,Z1.1.A.01,CROWSNEST PASS,RURAL,Crowsnest Pass,Z1.1.A,OLDMAN WEST,HSA1.1,SOUTH ZONE - WEST,Z1.1,SOUTH ZONE - WEST,Z1,SOUTH,339107.913493,5681,5644,5835,CROWSNEST PASS - (Z1.1.A.01),https://ahs.maps.arcgis.com/sharing/rest/content/items/8474fa6415a444bcb8de24cc733ede73/data,3.75780541512071,3001522052.27
65,Z1.1.A.03,FORT MACLEOD,RURAL,Fort Macleod,Z1.1.A,OLDMAN WEST,HSA1.1,SOUTH ZONE - WEST,Z1.1,SOUTH ZONE - WEST,Z1,SOUTH,279045.97171,5491,5832,5808,FORT MACLEOD - (Z1.1.A.03),https://ahs.maps.arcgis.com/sharing/rest/content/items/8343a54a84cc45c0a45c9277e43373e0/data,3.31363757265375,1705949365
66,Z2.5.C.04,CLARESHOLM,RURAL,Claresholm,Z2.5.C,CALGARY RURAL - SOUTH,HSA2.5.BC,CALGARY RURAL - CENTRAL/SOUTH,Z2.5,FOOTHILLS-VULCAN CORRIDOR,Z2,CALGARY,216022.506427,6352,5988,5997,CLARESHOLM - (Z2.5.C.04),https://ahs.maps.arcgis.com/sharing/rest/content/items/4dc46b19a61a4d3083625cb2cad382fd/data,2.53180375604642,1829648833.68
67,Z2.6.C.03,STRATHMORE,RURAL,Strathmore,Z2.6.C,CALGARY RURAL - NORTH,HSA2.6.C,CALGARY RURAL - NORTH,Z2.6,HIGHLAND/ROCKVIEW/WHEATLAND CORRIDOR,Z2,CALGARY,476439.482296,34253,30829,26674,STRATHMORE - (Z2.6.C.03),https://ahs.maps.arcgis.com/sharing/rest/content/items/6f4cc528de684b41868c9a1263fb5140/data,5.73343116724977,5902129285.09
68,Z2.5.B.03,HIGH RIVER,RURAL,High River,Z2.5.B,CALGARY RURAL - CENTRAL,HSA2.5.BC,CALGARY RURAL - CENTRAL/SOUTH,Z2.5,FOOTHILLS-VULCAN CORRIDOR,Z2,CALGARY,323083.110648,23396,22696,20176,HIGH RIVER - (Z2.5.B.03),https://ahs.maps.arcgis.com/sharing/rest/content/items/0678cc485ad8486192930c3948e1d898/data,3.62507309207683,2856627031.65
69,Z2.6.C.05,DIDSBURY,RURAL,Didsbury,Z2.6.C,CALGARY RURAL - NORTH,HSA2.6.C,CALGARY RURAL - NORTH,Z2.6,HIGHLAND/ROCKVIEW/WHEATLAND CORRIDOR,Z2,CALGARY,228205.787524,16340,14894,13351,DIDSBURY - (Z2.6.C.05),https://ahs.maps.arcgis.com/sharing/rest/content/items/46b34ccfec81488cb1b6ec31cfe98a6a/data,2.8890135511039,2050526206.86
70,Z2.5.C.05,VULCAN,RURAL,Vulcan,Z2.5.C,CALGARY RURAL - SOUTH,HSA2.5.BC,CALGARY RURAL - CENTRAL/SOUTH,Z2.5,FOOTHILLS-VULCAN CORRIDOR,Z2,CALGARY,420187.598403,6924,6939,6854,VULCAN - (Z2.5.C.05),https://ahs.maps.arcgis.com/sharing/rest/content/items/627d27d4bc444eb7a5e6d424b7d47296/data,4.94235485725814,5550459025.79
71,Z2.5.B.02,BLACK DIAMOND,RURAL,Black Diamond,Z2.5.B,CALGARY RURAL - CENTRAL,HSA2.5.BC,CALGARY RURAL - CENTRAL/SOUTH,Z2.5,FOOTHILLS-VULCAN CORRIDOR,Z2,CALGARY,220830.314968,9403,8579,7572,BLACK DIAMOND - (Z2.5.B.02),https://ahs.maps.arcgis.com/sharing/rest/content/items/df670ba45ee443c38e9646d66bf76e96/data,2.52982208970147,1240095604.43
72,Z2.7.B.03,BANFF,RURAL,Banff,Z2.7.B,CALGARY RURAL - WEST,HSA2.7.B,CALGARY RURAL - WEST,Z2.7,BOW CORRIDOR,Z2,CALGARY,738907.988074,8879,8759,7638,BANFF - (Z2.7.B.03),https://ahs.maps.arcgis.com/sharing/rest/content/items/c97ced06feca456d8dde56e60f68c721/data,8.66932274236193,6843931613.55
73,Z2.7.B.02,CANMORE,RURAL CENTRE AREA,Canmore,Z2.7.B,CALGARY RURAL - WEST,HSA2.7.B,CALGARY RURAL - WEST,Z2.7,BOW CORRIDOR,Z2,CALGARY,761550.900458,26450,24272,21358,CANMORE - (Z2.7.B.02),https://ahs.maps.arcgis.com/sharing/rest/content/items/c5d763b1c7e84eff90e34fdf6adf53d2/data,8.98909903805642,9114670884.82
74,Z3.3.A.04,PLANNING & SPECIAL AREA 2,RURAL,Planning & Special Area 2,Z3.3.A,THREE HILLS/DRUMHELLER/HANNA,HSA3.3,CENTRAL ZONE - SE,Z3.3,CENTRAL ZONE - SE,Z3,CENTRAL,372128.286343,3769,4000,4161,PLANNING & SPECIAL AREA 2 - (Z3.3.A.04),https://ahs.maps.arcgis.com/sharing/rest/content/items/b60aeca60579467eac8262a26d07f515/data,4.43416093596716,5196095304.55
75,Z3.3.A.02,STARLAND COUNTY/DRUMHELLER,RURAL,Starland County/Drumheller,Z3.3.A,THREE HILLS/DRUMHELLER/HANNA,HSA3.3,CENTRAL ZONE - SE,Z3.3,CENTRAL ZONE - SE,Z3,CENTRAL,334243.931146,11531,11708,11968,STARLAND COUNTY/DRUMHELLER - (Z3.3.A.02),https://ahs.maps.arcgis.com/sharing/rest/content/items/24caeddb532641f7ade414ac529077ea/data,4.01505463683618,3163582195
76,Z3.3.A.01,THREE HILLS/HIGHWAY 21,RURAL,Three Hills/Highway 21,Z3.3.A,THREE HILLS/DRUMHELLER/HANNA,HSA3.3,CENTRAL ZONE - SE,Z3.3,CENTRAL ZONE - SE,Z3,CENTRAL,347072.337332,10667,10490,10482,THREE HILLS/HIGHWAY 21 - (Z3.3.A.01),https://ahs.maps.arcgis.com/sharing/rest/content/items/b2b70f64f79a4cae9a116d2443f67dea/data,3.96093057838193,3155705203.35
77,Z3.5.C.05,MD OF PROVOST,RURAL,MD Of Provost,Z3.5.C,MD PROVOST/WAINWRIGHT,HSA3.5,CENTRAL ZONE - EAST,Z3.5,CENTRAL ZONE - EAST,Z3,CENTRAL,361425.774884,4852,4933,5197,MD OF PROVOST - (Z3.5.C.05),https://ahs.maps.arcgis.com/sharing/rest/content/items/e13906b7ceed46b1aa86d75e2d19c592/data,4.39107421171494,3752043280.26
78,Z3.3.B.05,CASTOR/CORONATION/CONSORT,RURAL,Castor/Coronation/Consort,Z3.3.B,STETTER/PAINTED EARTH/SPECIAL AREA 4,HSA3.3,CENTRAL ZONE - SE,Z3.3,CENTRAL ZONE - SE,Z3,CENTRAL,557797.273945,6256,6319,6606,CASTOR/CORONATION/CONSORT - (Z3.3.B.05),https://ahs.maps.arcgis.com/sharing/rest/content/items/802f60af1e6f401ca2784d8cfdb3d1c8/data,6.84432541469864,8058235064.8
79,Z3.3.B.03,STETTLER & COUNTY,RURAL,Stettler & County,Z3.3.B,STETTER/PAINTED EARTH/SPECIAL AREA 4,HSA3.3,CENTRAL ZONE - SE,Z3.3,CENTRAL ZONE - SE,Z3,CENTRAL,387897.620795,12289,11835,11615,STETTLER & COUNTY - (Z3.3.B.03),https://ahs.maps.arcgis.com/sharing/rest/content/items/1d5108c7a2ba4f1391ab684aa4a05400/data,4.61007587653522,4334754083.09
80,Z3.5.B.04,FLAGSTAFF COUNTY,RURAL,Flagstaff County,Z3.5.B,BEAVER & FLAGSTAFF COUNTY,HSA3.5,CENTRAL ZONE - EAST,Z3.5,CENTRAL ZONE - EAST,Z3,CENTRAL,392911.038637,8361,8264,8803,FLAGSTAFF COUNTY - (Z3.5.B.04),https://ahs.maps.arcgis.com/sharing/rest/content/items/0fb9a8d2bbfb4ce1afcbb2a8a95b24ee/data,4.73866301102957,4178383762.34
81,Z3.5.C.06,MD OF WAINWRIGHT,RURAL,MD Of Wainwright,Z3.5.C,MD PROVOST/WAINWRIGHT,HSA3.5,CENTRAL ZONE - EAST,Z3.5,CENTRAL ZONE - EAST,Z3,CENTRAL,365565.25021,11989,11171,10109,MD OF WAINWRIGHT - (Z3.5.C.06),https://ahs.maps.arcgis.com/sharing/rest/content/items/5bc17dec55c24a1b84f3bb911456a068/data,4.4665196620107,4289609118.07
82,Z3.2.B.03,INNISFAIL,RURAL,Innisfail,Z3.2.B,INNISFAIL,HSA3.2,CENTRAL ZONE - CENTRAL//SOUTH,Z3.2,CENTRAL ZONE - CENTRAL/SOUTH,Z3,CENTRAL,242145.877687,15414,14761,14423,INNISFAIL - (Z3.2.B.03),https://ahs.maps.arcgis.com/sharing/rest/content/items/1b031fcb1bc14ecf8553f99b7e6bcd78/data,3.03658450190623,1548634355.62
83,Z3.4.B.04,LACOMBE,RURAL,Lacombe,Z3.4.C,LACOMBE COUNTY,HSA3.4,WETASKIWIN/PONOKA/LACOMBE,Z3.4,WETASKIWIN/PONOKA/LACOMBE,Z3,CENTRAL,272155.889227,21195,19864,18868,LACOMBE - (Z3.4.B.04),https://ahs.maps.arcgis.com/sharing/rest/content/items/3f611ec505eb47fc9e96ade461ad7826/data,3.35171007100505,1744373052
84,Z3.4.B.02,PONOKA,RURAL,Ponoka,Z3.4.B,PONOKA/RIMBEY,HSA3.4,WETASKIWIN/PONOKA/LACOMBE,Z3.4,WETASKIWIN/PONOKA/LACOMBE,Z3,CENTRAL,237269.700314,12961,11833,11470,PONOKA - (Z3.4.B.02),https://ahs.maps.arcgis.com/sharing/rest/content/items/f35fd26910294833994647983c54499f/data,2.98104173083864,1541241004.61
85,Z3.5.A.01,CAMROSE & COUNTY,RURAL CENTRE AREA,Camrose & County,Z3.5.A,CAMROSE COUNTY,HSA3.5,CENTRAL ZONE - EAST,Z3.5,CENTRAL ZONE - EAST,Z3,CENTRAL,334121.600029,29708,27754,25298,CAMROSE & COUNTY - (Z3.5.A.01),https://ahs.maps.arcgis.com/sharing/rest/content/items/46717d4d21eb4513b23180238eca964d/data,3.89227251010378,3652148278.87
86,Z3.5.B.03,VIKING,RURAL,Viking,Z3.5.B,BEAVER & FLAGSTAFF COUNTY,HSA3.5,CENTRAL ZONE - EAST,Z3.5,CENTRAL ZONE - EAST,Z3,CENTRAL,207896.976676,2600,2671,2766,VIKING - (Z3.5.B.03),https://ahs.maps.arcgis.com/sharing/rest/content/items/49d837930c0f4b8b9f355a5ecf59403e/data,2.5353732111,1860199777.98
87,Z3.6.A.03,VEGREVILLE/MINBURN COUNTY,RURAL,Vegreville/Minburn County,Z3.6.A,LAMONT/TWO HILLS/MINBURN,HSA3.6,CENTRAL ZONE - NE,Z3.6,CENTRAL ZONE - NE,Z3,CENTRAL,359113.107814,9926,10144,9858,VEGREVILLE/MINBURN COUNTY - (Z3.6.A.03),https://ahs.maps.arcgis.com/sharing/rest/content/items/3751f09db09544f8bb1784bb3531e3fa/data,4.43422144375847,2802005970.89
88,Z3.6.B.04,VERMILION RIVER COUNTY,RURAL CENTRE AREA,Vermilion River County,Z3.6.B,COUNTY OF VERMILION RIVER,HSA3.6,CENTRAL ZONE - NE,Z3.6,CENTRAL ZONE - NE,Z3,CENTRAL,449680.763688,35317,33116,30376,VERMILION RIVER COUNTY - (Z3.6.B.04),https://ahs.maps.arcgis.com/sharing/rest/content/items/ae07a46374c0449da0da17f824f7095a/data,5.17480312626749,6363796930.71
89,Z3.6.A.02,TWO HILLS COUNTY,RURAL,Two Hills County,Z3.6.A,LAMONT/TWO HILLS/MINBURN,HSA3.6,CENTRAL ZONE - NE,Z3.6,CENTRAL ZONE - NE,Z3,CENTRAL,297852.142253,5332,5184,4612,TWO HILLS COUNTY - (Z3.6.A.02),https://ahs.maps.arcgis.com/sharing/rest/content/items/3126af411b484948b932dda4f3f7da42/data,3.82250446882575,2762140603.22
90,Z3.6.A.01,LAMONT COUNTY,RURAL,Lamont County,Z3.6.A,LAMONT/TWO HILLS/MINBURN,HSA3.6,CENTRAL ZONE - NE,Z3.6,CENTRAL ZONE - NE,Z3,CENTRAL,288890.046222,7264,7051,7096,LAMONT COUNTY - (Z3.6.A.01),https://ahs.maps.arcgis.com/sharing/rest/content/items/fba9550184144b5dab16574ed3cb0726/data,3.46516145750709,2383007099.41
91,Z3.4.A.01,WETASKIWIN COUNTY,RURAL CENTRE AREA,Wetaskiwin County,Z3.4.A,WETASKIWIN & COUNTY,HSA3.4,WETASKIWIN/PONOKA/LACOMBE,Z3.4,WETASKIWIN/PONOKA/LACOMBE,Z3,CENTRAL,306147.709592,32238,32060,29819,WETASKIWIN COUNTY - (Z3.4.A.01),https://ahs.maps.arcgis.com/sharing/rest/content/items/3cf5905104bd4cf994a97271d09c7428/data,3.93011551127386,2675410122.43
92,Z3.1.B.02,DRAYTON VALLEY,RURAL,Drayton Valley,Z3.1.B,DRAYTON VALLEY,HSA3.1,ROCKY MOUNTAIN HOUSE/DRAYTON VALLEY,Z3.1,ROCKY MOUNTAIN HOUSE/DRAYTON VALLEY,Z3,CENTRAL,361615.006836,17723,16778,16516,DRAYTON VALLEY - (Z3.1.B.02),https://ahs.maps.arcgis.com/sharing/rest/content/items/75fdec318185430cb5628669fc33c72d/data,4.38192156097375,4084408416.45
93,Z3.5.B.02,TOFIELD,RURAL,Tofield,Z3.5.B,BEAVER & FLAGSTAFF COUNTY,HSA3.5,CENTRAL ZONE - EAST,Z3.5,CENTRAL ZONE - EAST,Z3,CENTRAL,261506.089958,7317,7119,6727,TOFIELD - (Z3.5.B.02),https://ahs.maps.arcgis.com/sharing/rest/content/items/02f9968a02a64db6b4b0a6708cdb5092/data,3.20506221665267,1759453900.71
94,Z3.1.A.01,ROCKY MOUNTAIN HOUSE,RURAL,Rocky Mountain House,Z3.1.A,ROCKY MOUNTAIN HOUSE,HSA3.1,ROCKY MOUNTAIN HOUSE/DRAYTON VALLEY,Z3.1,ROCKY MOUNTAIN HOUSE/DRAYTON VALLEY,Z3,CENTRAL,798264.498213,20800,21321,20334,ROCKY MOUNTAIN HOUSE - (Z3.1.A.01),https://ahs.maps.arcgis.com/sharing/rest/content/items/f833e9f81c574759b0100a681a9f3a03/data,9.69621849262615,19013215150.2
95,Z3.2.A.02,OLDS,RURAL,Olds,Z3.2.A,OLDS/SUNDRE,HSA3.2,CENTRAL ZONE - CENTRAL//SOUTH,Z3.2,CENTRAL ZONE - CENTRAL/SOUTH,Z3,CENTRAL,194840.086179,12430,11414,10521,OLDS - (Z3.2.A.02),https://ahs.maps.arcgis.com/sharing/rest/content/items/546640147c95444c80dcad4e8c063c16/data,2.45453938020237,1184148640.09
96,Z3.2.A.01,SUNDRE,RURAL,Sundre,Z3.2.A,OLDS/SUNDRE,HSA3.2,CENTRAL ZONE - CENTRAL//SOUTH,Z3.2,CENTRAL ZONE - CENTRAL/SOUTH,Z3,CENTRAL,170728.172133,6968,6684,6625,SUNDRE - (Z3.2.A.01),https://ahs.maps.arcgis.com/sharing/rest/content/items/c358035ab4ef4ace88718ed0966c89f4/data,1.98026183627422,1080894927.23
97,Z3.4.B.03,RIMBEY,RURAL,Rimbey,Z3.4.B,PONOKA/RIMBEY,HSA3.4,WETASKIWIN/PONOKA/LACOMBE,Z3.4,WETASKIWIN/PONOKA/LACOMBE,Z3,CENTRAL,247008.403569,10049,9366,9355,RIMBEY - (Z3.4.B.03),https://ahs.maps.arcgis.com/sharing/rest/content/items/0479b0e8d31243619895172a8b7a4e68/data,2.93628138951484,2033821333.07
98,Z3.2.C.04,RED DEER COUNTY,MODERATE URBAN INFLUENCE,Red Deer County,Z3.2.C,RED DEER COUNTY,HSA3.2,CENTRAL ZONE - CENTRAL//SOUTH,Z3.2,CENTRAL ZONE - CENTRAL/SOUTH,Z3,CENTRAL,493578.719447,28160,23759,21320,RED DEER COUNTY - (Z3.2.C.04),https://ahs.maps.arcgis.com/sharing/rest/content/items/4ed11ddcf5124c429ce880c7b52d544a/data,5.86009347235207,2405960978.05
99,Z3.2.C.05,SYLVAN LAKE,MODERATE URBAN INFLUENCE,Sylvan Lake,Z3.2.C,RED DEER COUNTY,HSA3.2,CENTRAL ZONE - CENTRAL//SOUTH,Z3.2,CENTRAL ZONE - CENTRAL/SOUTH,Z3,CENTRAL,61866.0112179,15980,13380,11406,SYLVAN LAKE - (Z3.2.C.05),https://ahs.maps.arcgis.com/sharing/rest/content/items/effc79b4d4194f7ea8928cacb67dfcb0/data,0.741543600436512,122130048.49
100,Z5.2.B.03,BONNYVILLE,RURAL,Bonnyville,Z5.2.B,BEAVER,HSA5.2,NORTH ZONE - SE,Z5.2,NORTH ZONE - SE,Z5,NORTH,367269.791464,15949,15267,14109,BONNYVILLE - (Z5.2.B.03),https://ahs.maps.arcgis.com/sharing/rest/content/items/f113ddda802d44f6be797e5d4f546105/data,4.60363600375768,5030978573.98
101,Z5.2.C.08,LAC LA BICHE,RURAL,Lac La Biche,Z5.2.C,EATERN ATHABASCA,HSA5.2,NORTH ZONE - SE,Z5.2,NORTH ZONE - SE,Z5,NORTH,776753.848372,9862,9943,10060,LAC LA BICHE - (Z5.2.C.08),https://ahs.maps.arcgis.com/sharing/rest/content/items/5c23e6e7d30e48c29f33d8b3b97522c7/data,9.68573791300795,17965592917.3
102,Z5.2.A.04,ST. PAUL,RURAL,St. Paul,Z5.2.A,NORTH SASKATCHEWAN,HSA5.2,NORTH ZONE - SE,Z5.2,NORTH ZONE - SE,Z5,NORTH,326989.118289,12223,11510,11471,ST. PAUL - (Z5.2.A.04),https://ahs.maps.arcgis.com/sharing/rest/content/items/6636279092a740e4889e6faac56b3f71/data,3.99105720417939,2830602101.95
103,Z5.2.A.05,SMOKY LAKE,RURAL,Smoky Lake,Z5.2.A,NORTH SASKATCHEWAN,HSA5.2,NORTH ZONE - SE,Z5.2,NORTH ZONE - SE,Z5,NORTH,390670.075421,5552,5458,5602,SMOKY LAKE - (Z5.2.A.05),https://ahs.maps.arcgis.com/sharing/rest/content/items/28321d3362234061a259e8b8ee212e25/data,4.82813084824914,4005681784.92
104,Z5.1.B.05,MAYERTHORPE,RURAL,Mayerthorpe,Z5.1.B,WESTERN ATHABASCA,HSA5.1,NORTH ZONE - SW,Z5.1,NORTH ZONE - SW,Z5,NORTH,327687.632187,16679,15731,15652,MAYERTHORPE - (Z5.1.B.05),https://ahs.maps.arcgis.com/sharing/rest/content/items/68bd0160e17a4640b499f180329a481c/data,4.05096704089913,3084437267.28
105,Z5.1.C.06,BARRHEAD,RURAL,Barrhead,Z5.1.C,CENTRAL ATHABASCA,HSA5.1,NORTH ZONE - SW,Z5.1,NORTH ZONE - SW,Z5,NORTH,440328.138058,11743,11503,11026,BARRHEAD - (Z5.1.C.06),https://ahs.maps.arcgis.com/sharing/rest/content/items/4b573600d71c4765a867cc07e43feaf2/data,5.28722923743614,5622887376.27
106,Z5.1.B.04,WHITECOURT,RURAL,Whitecourt,Z5.1.B,WESTERN ATHABASCA,HSA5.1,NORTH ZONE - SW,Z5.1,NORTH ZONE - SW,Z5,NORTH,377278.095001,14082,12936,12157,WHITECOURT - (Z5.1.B.04),https://ahs.maps.arcgis.com/sharing/rest/content/items/d1a9fb9f8c2e4c95aa727f9dbe08ca02/data,4.88611110846384,4673946643.28
107,Z5.2.C.07,ATHABASCA,RURAL,Athabasca,Z5.2.C,EATERN ATHABASCA,HSA5.2,NORTH ZONE - SE,Z5.2,NORTH ZONE - SE,Z5,NORTH,571773.655373,11396,11155,10929,ATHABASCA - (Z5.2.C.07),https://ahs.maps.arcgis.com/sharing/rest/content/items/0280c5e5e54842abaedbf6bcee9e30a4/data,6.933528462808,9068834861.76
108,Z5.1.A.03,EDSON,RURAL,Edson,Z5.1.A,LOWER ATHABASCA,HSA5.1,NORTH ZONE - SW,Z5.1,NORTH ZONE - SW,Z5,NORTH,501618.044328,15079,14590,13864,EDSON - (Z5.1.A.03),https://ahs.maps.arcgis.com/sharing/rest/content/items/0bfbfc77394748a4ba5e928d13249ab6/data,6.01801279018599,11392580772.9
109,Z5.3.A.05,BEAVERLODGE,RURAL,Beaverlodge,Z5.3.A,WAPITI-SMOKY,HSA5.3,NORTH ZONE - CENTRAL WEST,Z5.3,NORTH ZONE - CENTRAL WEST,Z5,NORTH,341782.558985,11566,11443,10555,BEAVERLODGE - (Z5.3.A.05),https://ahs.maps.arcgis.com/sharing/rest/content/items/2ab72f4aca87446b9bb2735ac3bac984/data,4.10713417572241,3826448361.9
110,Z5.4.C.06,PEACE RIVER,RURAL,Peace River,Z5.4.C,PEACE RIVER,HSA5.4,NORTH ZONE - NW,Z5.4,NORTH ZONE - NW,Z5,NORTH,890494.082592,18337,16786,15688,PEACE RIVER - (Z5.4.C.06),https://ahs.maps.arcgis.com/sharing/rest/content/items/dbf15c50442a445e8e2712b544fb4d34/data,11.391177671171,23619770328
111,Z5.4.D.08,FALHER,RURAL,Falher,Z5.4.D,SOUTH CENTRAL PEACE,HSA5.4,NORTH ZONE - NW,Z5.4,NORTH ZONE - NW,Z5,NORTH,255241.541622,4332,4581,4782,FALHER - (Z5.4.D.08),https://ahs.maps.arcgis.com/sharing/rest/content/items/88a5aa94cfa148c08bfb55dff02100bf/data,3.14118424843977,2910843556.87
112,Z5.4.D.09,SPIRIT RIVER,RURAL,Spirit River,Z5.4.D,SOUTH CENTRAL PEACE,HSA5.4,NORTH ZONE - NW,Z5.4,NORTH ZONE - NW,Z5,NORTH,585288.098184,6085,6236,6376,SPIRIT RIVER - (Z5.4.D.09),https://ahs.maps.arcgis.com/sharing/rest/content/items/0e0c763bea954cfa83ecfba11a307d1a/data,7.63358071386578,9474038360.63
113,Z5.3.B.04,GRANDE PRAIRIE COUNTY,MODERATE URBAN INFLUENCE,Grande Prairie County,Z5.3.B,GRANDE PRAIRIE,HSA5.3,NORTH ZONE - CENTRAL WEST,Z5.3,NORTH ZONE - CENTRAL WEST,Z5,NORTH,585656.508793,20093,16795,14432,GRANDE PRAIRIE COUNTY - (Z5.3.B.04),https://ahs.maps.arcgis.com/sharing/rest/content/items/6be3e486016b49baaa54eb376138cefc/data,7.52558246914027,7503854841.83
114,Z5.3.A.03,VALLEYVIEW,RURAL,Valleyview,Z5.3.A,WAPITI-SMOKY,HSA5.3,NORTH ZONE - CENTRAL WEST,Z5.3,NORTH ZONE - CENTRAL WEST,Z5,NORTH,489038.693417,7196,6730,6766,VALLEYVIEW - (Z5.3.A.03),https://ahs.maps.arcgis.com/sharing/rest/content/items/23621b61fcca4f04a93966354b91b2e9/data,5.87736750334529,8478297636.72
115,Z5.2.C.06,BOYLE,RURAL,Boyle,Z5.2.C,EATERN ATHABASCA,HSA5.2,NORTH ZONE - SE,Z5.2,NORTH ZONE - SE,Z5,NORTH,169255.399731,2063,2151,2135,BOYLE - (Z5.2.C.06),https://ahs.maps.arcgis.com/sharing/rest/content/items/a3f9bfe760c746098589356a31aa1394/data,2.00406111818034,879962945.44
116,Z5.2.A.01,FROG LAKE,RURAL,Frog Lake,Z5.2.A,NORTH SASKATCHEWAN,HSA5.2,NORTH ZONE - SE,Z5.2,NORTH ZONE - SE,Z5,NORTH,224533.531967,4337,4091,4142,FROG LAKE - (Z5.2.A.01),https://ahs.maps.arcgis.com/sharing/rest/content/items/e17b5009fa8a4dd3ae2fc84e187e9815/data,2.89192621448098,1767347504.64
117,Z5.2.B.02,COLD LAKE,RURAL CENTRE AREA,Cold Lake,Z5.2.B,BEAVER,HSA5.2,NORTH ZONE - SE,Z5.2,NORTH ZONE - SE,Z5,NORTH,204637.226262,20136,18139,15682,COLD LAKE - (Z5.2.B.02),https://ahs.maps.arcgis.com/sharing/rest/content/items/40688f21987e4bd8866482283d5e93e1/data,2.26809087076875,1648813917.34
118,Z5.1.A.01,JASPER,RURAL REMOTE,Jasper,Z5.1.A,LOWER ATHABASCA,HSA5.1,NORTH ZONE - SW,Z5.1,NORTH ZONE - SW,Z5,NORTH,985623.347652,4643,4085,4289,JASPER - (Z5.1.A.01),https://ahs.maps.arcgis.com/sharing/rest/content/items/a82e4b8ccbc34096a6fdd8ae73ad612c/data,12.0102513073509,15840737325.3
119,Z5.4.A.07,HIGH PRAIRIE,RURAL REMOTE,High Prairie,Z5.4.A,LESSER SLAVE LAKE,HSA5.4,NORTH ZONE - NW,Z5.4,NORTH ZONE - NW,Z5,NORTH,734012.442964,11175,11598,11420,HIGH PRAIRIE - (Z5.4.A.07),https://ahs.maps.arcgis.com/sharing/rest/content/items/d4b06b96b8f14cdaa1cae17238d1a087/data,8.35335433392478,14395420295.9
120,Z5.4.A.02,SLAVE LAKE,RURAL REMOTE,Slave Lake,Z5.4.A,LESSER SLAVE LAKE,HSA5.4,NORTH ZONE - NW,Z5.4,NORTH ZONE - NW,Z5,NORTH,808965.933743,9656,10003,9708,SLAVE LAKE - (Z5.4.A.02),https://ahs.maps.arcgis.com/sharing/rest/content/items/6cae5cf2bbcf41d0b04856344309c1f9/data,9.97437987041324,14159771290.1
121,Z5.3.A.02,FOX CREEK,RURAL REMOTE,Fox Creek,Z5.3.A,WAPITI-SMOKY,HSA5.3,NORTH ZONE - CENTRAL WEST,Z5.3,NORTH ZONE - CENTRAL WEST,Z5,NORTH,634430.910417,2074,2102,2378,FOX CREEK - (Z5.3.A.02),https://ahs.maps.arcgis.com/sharing/rest/content/items/0367c53648aa4289aeb01ba2482768bd/data,7.93100751139204,11479571411.4
122,Z5.3.A.01,GRANDE CACHE,RURAL REMOTE,Grande Cache,Z5.3.A,WAPITI-SMOKY,HSA5.3,NORTH ZONE - CENTRAL WEST,Z5.3,NORTH ZONE - CENTRAL WEST,Z5,NORTH,439907.990104,3759,4389,3991,GRANDE CACHE - (Z5.3.A.01),https://ahs.maps.arcgis.com/sharing/rest/content/items/8224812d046c4cfb89dd2665eff82532/data,5.59677447157529,8207831437.45
123,Z5.1.A.02,HINTON,RURAL REMOTE,Hinton,Z5.1.A,LOWER ATHABASCA,HSA5.1,NORTH ZONE - SW,Z5.1,NORTH ZONE - SW,Z5,NORTH,702348.781162,11102,10764,10934,HINTON - (Z5.1.A.02),https://ahs.maps.arcgis.com/sharing/rest/content/items/2a376a3c5d5a415cb6d579f10bec474b/data,8.76249350561926,9197539432.23
124,Z5.4.A.01,SWAN HILLS,RURAL REMOTE,Swan Hills,Z5.4.A,LESSER SLAVE LAKE,HSA5.4,NORTH ZONE - NW,Z5.4,NORTH ZONE - NW,Z5,NORTH,314284.235313,1301,1465,1650,SWAN HILLS - (Z5.4.A.01),https://ahs.maps.arcgis.com/sharing/rest/content/items/1035844d280e48d8862f8ed2ce105ca6/data,4.24678240562585,3313667033.48
125,Z5.5.A.01,WOOD BUFFALO,RURAL REMOTE,Wood Buffalo,Z5.5.A,UPPER ATHABASCA,HSA5.5,NORTH ZONE - NE,Z5.5,NORTH ZONE - NE,Z5,NORTH,1613471.79392,4532,5147,4653,WOOD BUFFALO - (Z5.5.A.01),https://ahs.maps.arcgis.com/sharing/rest/content/items/5ff19eaf2cdd4976bdaa4fd8c2f9c425/data,18.6214576902906,87410774094.9
126,Z5.4.B.05,MANNING,RURAL REMOTE,Manning,Z5.4.B,UPPER PEACE,HSA5.4,NORTH ZONE - NW,Z5.4,NORTH ZONE - NW,Z5,NORTH,884389.0924,3376,3437,3791,MANNING - (Z5.4.B.05),https://ahs.maps.arcgis.com/sharing/rest/content/items/11692f57fe6d44be9b48a7fc82f701c6/data,11.5594531772652,28991390221.3
127,Z5.4.A.03,WABASCA,RURAL REMOTE,Wabasca,Z5.4.A,LESSER SLAVE LAKE,HSA5.4,NORTH ZONE - NW,Z5.4,NORTH ZONE - NW,Z5,NORTH,885058.11112,3954,3932,3495,WABASCA - (Z5.4.A.03),https://ahs.maps.arcgis.com/sharing/rest/content/items/2ec578871f724cb393bcfe54ede11c85/data,11.2995151971617,21634606917.8
128,Z5.4.B.04,HIGH LEVEL,RURAL REMOTE,High Level,Z5.4.B,UPPER PEACE,HSA5.4,NORTH ZONE - NW,Z5.4,NORTH ZONE - NW,Z5,NORTH,1452664.76582,21695,21638,20442,HIGH LEVEL - (Z5.4.B.04),https://ahs.maps.arcgis.com/sharing/rest/content/items/57a664077a8c44078e1d11faa8bedbf5/data,20.4235588691025,99993678495.5
129,Z5.4.D.10,FAIRVIEW,RURAL REMOTE,Fairview,Z5.4.D,SOUTH CENTRAL PEACE,HSA5.4,NORTH ZONE - NW,Z5.4,NORTH ZONE - NW,Z5,NORTH,403492.898078,7830,7865,7704,FAIRVIEW - (Z5.4.D.10),https://ahs.maps.arcgis.com/sharing/rest/content/items/92f861a0d1214b96899834dad6102bf2/data,5.3409078099469,5640103791.52
130,Z5.1.C.07,WESTLOCK,RURAL,Westlock,Z5.1.C,CENTRAL ATHABASCA,HSA5.1,NORTH ZONE - SW,Z5.1,NORTH ZONE - SW,Z5,NORTH,512602.04997,18177,18260,18135,WESTLOCK - (Z5.1.C.07),https://ahs.maps.arcgis.com/sharing/rest/content/items/3f55462490c543b181c4d2d117c369b0/data,5.9703863318518,6352134750.47
131,Z3.7.C.03,RED DEER - EAST,URBAN,Red Deer - East,Z3.7.C,RED DEER - EAST,HSA3.7.BC,RED DEER - EAST/SW,Z3.7,CITY OF RED DEER,Z3,CENTRAL,42140.3342265,53100,46338,40440,RED DEER - EAST - (Z3.7.C.03),https://ahs.maps.arcgis.com/sharing/rest/content/items/6e0b88ac0d5e447db609f32caccc0fa3/data,0.482989344319148,45651975.625
132,Z5.6.A.01,FORT MCMURRAY,URBAN,Fort McMurray,Z5.6.A,FORT MCMURRAY,HSA5.6,FORT MCMURRAY,Z5.6,FORT MCMURRAY,Z5,NORTH,81089.9680501,68808,61779,48005,FORT MCMURRAY - (Z5.6.A.01),https://ahs.maps.arcgis.com/sharing/rest/content/items/f7d1dea9fb9b4be59bdce08e41805d08/data,1.00034653162798,108186309.528
